,Latitude,Longitude,City Name,ID,Max Temp,Humidity,Cloudiness,Speed,Date
0,3.0707,172.7902,Butaritari,2110227,81.23,70,34,2.82,1635055431
1,-42.7826,147.0587,New Norfolk,2155415,53.71,58,100,3.0,1635055431
2,47.35,22.95,Şamşud,668116,29.64,76,1,3.36,1635055431
3,62.456,-114.3525,Yellowknife,6185377,41.41,94,100,11.01,1635055287
4,72.7868,-56.1549,Upernavik,3418910,20.32,89,100,16.8,1635055432
5,-21.3585,55.7679,Saint-Philippe,935215,80.19,75,40,12.93,1635055432
6,32.2207,-98.2023,Stephenville,4734350,73.4,82,1,10.36,1635055216
7,-34.5322,20.0403,Bredasdorp,1015776,56.28,51,84,2.04,1635055433
8,-53.15,-70.9167,Punta Arenas,3874787,35.11,83,100,22.44,1635055396
9,52.0495,29.2456,Mazyr,625324,38.41,76,80,12.71,1635055433
10,26.4111,111.5956,Lengshuitan,1804162,68.85,46,0,8.46,1635055433
11,77.484,-69.3632,Qaanaaq,3831208,-2.33,59,0,7.87,1635055434
12,-33.9258,18.4232,Cape Town,3369157,60.12,67,0,1.99,1635055271
13,-23.1203,-134.9692,Rikitea,4030556,75.02,78,100,19.24,1635055434
14,-46.6,168.3333,Bluff,2206939,51.42,95,100,8.1,1635055435
15,40.4272,71.7189,Yangi Marg`ilon,1513491,56.12,28,0,2.3,1635055435
16,-8.9266,125.4092,Airai,1651810,76.17,51,53,2.28,1635055435
17,55.3422,-131.6461,Ketchikan,5554428,41.22,92,97,6.96,1635055436
18,-42.8794,147.3294,Hobart,2163355,54.05,65,90,4.0,1635055408
19,-20.3297,-40.2925,Vila Velha,3445026,71.44,92,23,9.98,1635055436
20,-24.7911,-50.0119,Castro,3466704,59.18,95,100,8.61,1635055237
21,66.7697,123.3711,Zhigansk,2012530,24.57,93,94,10.71,1635055437
22,45.7625,106.2708,Mandalgovi,2030065,47.64,22,99,9.98,1635055437
23,-46.1927,168.8643,Mataura,6201424,53.13,95,100,2.64,1635055437
24,4.423,-7.3528,Tabou,2281120,76.84,87,73,4.79,1635055438
25,31.7561,25.0865,Al Bardīyah,80509,69.62,61,0,2.89,1635055438
26,63.4427,-20.2734,Vestmannaeyjar,3412093,47.25,83,100,14.03,1635055152
27,60.7161,-135.0538,Whitehorse,6180550,38.01,96,100,10.0,1635055439
28,65.6145,-37.6368,Tasiilaq,3424607,32.16,97,100,7.16,1635055439
29,-8.103,156.8419,Gizo Government Station,2108857,85.14,65,15,3.96,1635055439
30,-33.65,115.3333,Busselton,2075265,75.04,62,100,9.33,1635055440
31,-6.0911,-35.2086,Nísia Floresta,3393922,76.06,81,27,6.73,1635055440
32,63.7506,-68.5145,Iqaluit,5983720,29.7,86,100,15.01,1635055440
33,-20.7333,139.5,Mount Isa,2065594,91.17,33,75,11.5,1635055441
34,18.3851,42.4509,Faya,110690,66.72,19,9,4.03,1635055441
35,42.9744,140.5089,Iwanai,2129868,56.77,65,23,12.62,1635055442
36,49.5886,81.0453,Shar,1519275,50.36,40,77,15.35,1635055443
37,-34.4187,19.2345,Hermanus,3366880,56.8,65,16,5.64,1635055443
38,-14.7447,-50.5706,Mozarlândia,3456642,78.8,64,100,4.63,1635055443
39,62.0961,77.475,Raduzhny,1540356,38.57,88,100,18.03,1635055444
40,-54.8,-68.3,Ushuaia,3833367,27.68,96,95,6.13,1635055338
41,-0.7393,-90.3518,Puerto Ayora,3652764,68.61,89,71,7.85,1635055400
42,-0.6,73.0833,Hithadhoo,1282256,83.14,73,79,13.62,1635055444
43,-38.0023,-57.5575,Mar del Plata,3430863,45.88,82,0,1.01,1635055188
44,49.758,129.523,Shirokiy,2016680,52.72,41,9,7.02,1635055445
45,51.55,-9.2667,Skibbereen,2961459,55.2,90,16,15.41,1635055445
46,-9.8,-139.0333,Atuona,4020109,78.17,76,20,19.62,1635055446
47,-21.2,-175.2,Vaini,4032243,71.76,83,20,8.05,1635055446
48,64.3833,-173.3,Provideniya,4031574,22.62,79,100,8.39,1635055446
49,42.1584,-72.3287,Palmer,4946620,47.01,88,1,0.0,1635055447
50,-38.2667,141.9667,Codrington,2171099,52.86,62,92,14.36,1635055447
51,-32.7167,152.15,Nelson Bay,2155562,68.09,70,74,3.0,1635055447
52,25.5667,84.6667,Arrah,1278483,78.69,55,0,3.69,1635055448
53,-20.2078,57.7625,Quatre Cocos,1106643,79.09,66,80,13.58,1635055448
54,-9.1667,-60.6333,Aripuanã,3665202,75.33,79,45,3.18,1635055209
55,71.0357,27.8492,Mehamn,778707,34.54,68,74,15.75,1635055449
56,42.6001,-73.9662,Albany,5106841,45.81,84,60,1.01,1635055449
57,1.7427,98.7792,Sibolga,1213855,83.01,72,91,4.0,1635055449
58,42.097,-79.2353,Jamestown,5122534,45.72,99,90,1.99,1635055450
59,66.0,111.5,Aykhal,2027296,25.18,93,100,16.53,1635055450
60,-37.8333,140.7667,Mount Gambier,2156643,53.85,58,86,10.25,1635055451
61,11.5936,37.3908,Bahir Dar,342884,66.6,59,68,6.42,1635055451
62,69.4541,-133.0374,Tuktoyaktuk,6170031,22.84,95,59,3.8,1635055451
63,42.4308,130.6434,Khasan,2039557,58.82,38,0,6.29,1635055452
64,-14.9003,50.2788,Antalaha,1071296,78.85,83,79,5.01,1635055452
65,-2.4959,-66.2662,Fonte Boa,6319315,77.61,85,64,2.68,1635055452
66,-34.0033,24.7314,Kruisfontein,986717,59.09,54,7,12.26,1635055453
67,22.2855,114.1577,Hong Kong,1819729,81.03,63,7,1.01,1635055453
68,51.9556,66.4042,Esil,1524296,52.43,68,87,17.25,1635055454
69,37.2829,-5.9209,Dos Hermanas,2518794,60.57,79,0,1.01,1635055454
70,-33.5906,26.891,Port Alfred,964432,60.15,62,59,13.6,1635055455
71,56.0209,29.9284,Nevel',522410,35.29,87,100,10.04,1635055455
72,29.585,-81.2078,Palm Coast,4167538,78.01,54,83,5.01,1635055456
73,8.484,-13.2299,Freetown,2409306,76.84,86,97,1.7,1635055208
74,37.7167,-25.4333,Vila Franca do Campo,3372472,64.81,81,77,6.42,1635055456
75,70.6333,147.9167,Chokurdakh,2126123,-6.88,100,96,3.91,1635055456
76,-21.3393,55.4781,Saint-Pierre,935214,80.28,73,0,8.05,1635055457
77,-3.8004,102.2655,Bengkulu,1649150,78.8,82,99,2.57,1635055449
78,-33.918,25.5701,Port Elizabeth,964420,60.85,58,28,10.76,1635055215
79,34.6391,-120.4579,Lompoc,5367788,60.26,87,1,0.0,1635055457
80,10.9995,122.6711,Dingle,1714733,85.32,74,75,5.53,1635055458
81,-28.275,-49.1656,Braço do Norte,3469115,68.25,98,100,2.82,1635055458
82,22.0752,-159.319,Kapaa,5848280,76.98,85,40,1.01,1635055459
83,-29.9533,-71.3436,Coquimbo,3893629,53.33,87,0,5.75,1635055185
84,4.9158,29.4742,Maridi,370457,74.95,80,35,2.3,1635055459
85,54.1376,38.1604,Gritsovskiy,558497,37.49,96,100,13.27,1635055459
86,47.6931,40.1025,Mayskiy,528242,51.44,52,99,7.67,1635055460
87,60.1432,-45.2371,Nanortalik,3421765,34.93,65,22,21.09,1635055460
88,22.8909,-109.9124,Cabo San Lucas,3985710,77.5,79,3,10.67,1635055460
89,52.7651,23.1865,Bielsk Podlaski,775986,38.25,85,87,7.63,1635055461
90,55.7435,-97.8558,Thompson,6165406,35.89,72,100,4.56,1635055461
91,68.75,161.3,Cherskiy,2126199,-11.45,100,76,5.01,1635055462
92,36.7305,14.8499,Pozzallo,6541973,74.05,86,100,22.93,1635055462
93,19.7297,-155.09,Hilo,5855927,75.27,93,61,4.0,1635055361
94,70.8578,29.0864,Berlevåg,780687,36.43,65,77,19.08,1635055462
95,-42.7167,170.9667,Hokitika,2206894,56.57,89,100,4.92,1635055463
96,1.3038,124.9112,Tondano,1623424,69.89,72,100,1.57,1635055463
97,-7.2833,-76.8,Huicungo,3696267,72.84,86,27,1.59,1635055463
98,63.8424,-22.4338,Grindavik,3416888,45.07,93,75,9.22,1635055464
99,-20.3428,57.7575,Bambous Virieux,1106677,79.21,67,78,13.42,1635055464
100,58.4497,92.1703,Yeniseysk,1485997,41.11,95,100,13.49,1635055465
101,50.6789,156.125,Severo-Kuril'sk,2121385,39.76,74,84,10.71,1635055465
102,48.0056,91.6419,Khovd,1516048,44.29,18,59,0.47,1635055465
103,65.9939,57.5281,Usinsk,863061,20.05,95,20,7.34,1635055466
104,-7.9386,110.2506,Srandakan,1626493,85.53,65,32,11.99,1635055466
105,-21.2078,-159.775,Avarua,4035715,71.65,64,90,3.44,1635055384
106,-20.5167,57.5167,Souillac,933995,79.36,63,18,12.95,1635055467
107,-17.1167,-63.2333,Mineros,3910343,67.59,89,97,13.98,1635055467
108,57.7177,38.9334,Bol'shoye Selo,573338,36.73,97,100,6.82,1635055468
109,67.4667,78.7,Tazovsky,1489853,31.53,98,100,7.78,1635055468
110,52.85,-102.3842,Hudson Bay,5978133,31.51,87,8,6.08,1635055469
111,36.6167,101.7667,Xining,1788852,50.85,50,99,5.12,1635055212
112,25.0209,118.2898,Dayong,1789289,74.89,67,95,4.14,1635055469
113,73.5069,80.5464,Dikson,1507390,7.57,86,100,16.84,1635055469
114,33.7333,135.9833,Shingū,1847947,64.98,53,66,5.03,1635055470
115,-10.9833,-66.1,Riberalta,3906466,78.66,74,76,3.49,1635055470
116,17.4924,44.1277,Najrān,103630,74.41,23,6,5.03,1635055470
117,48.7502,-78.9996,Macamic,6062563,29.75,91,84,2.37,1635055471
118,7.3333,4.1833,Apomu,2349558,70.18,98,80,1.83,1635055471
119,59.7035,30.7861,Nikolskoye,546105,33.69,88,74,7.67,1635055471
120,47.5999,-53.2648,Bay Roberts,5895424,60.55,96,100,1.01,1635055472
121,-41.4122,175.5153,Waipawa,2206874,57.45,78,99,4.0,1635055472
122,41.3712,-73.414,Bethel,5282297,49.23,89,1,3.44,1635055473
123,25.5198,90.2201,Tura,1254046,81.03,55,11,2.35,1635055473
124,70.2396,22.3479,Øksfjord,778362,32.92,86,100,1.77,1635055473
125,-34.0363,23.0471,Knysna,988698,59.14,70,65,2.66,1635055474
126,24.0934,32.907,Aswān,359792,75.2,37,0,11.81,1635055213
127,69.3833,178.4167,Leningradskiy,2123814,10.35,94,100,7.76,1635055474
128,-33.6971,-53.4616,Chui,3443061,51.31,94,28,7.76,1635055474
129,45.0205,-93.218,Saint Anthony,5044290,43.14,81,1,1.99,1635055216
130,-29.4667,149.85,Moree,2156927,80.62,18,24,17.27,1635055475
131,14.8961,-24.4956,São Filipe,3374210,77.9,69,11,10.76,1635055475
132,-7.4706,-34.8086,Pitimbu,3391889,79.39,75,58,9.73,1635055476
133,-14.3707,23.242,Lukulu,909488,84.63,40,45,3.51,1635055476
134,-27.7951,-64.2615,Santiago del Estero,3835869,52.81,58,0,3.4,1635055291
135,78.2186,15.6401,Longyearbyen,2729907,15.64,79,0,5.75,1635055476
136,-1.8283,-44.8683,Cururupu,3401148,74.93,96,84,2.33,1635055477
137,-33.0153,27.9116,East London,1006984,60.96,60,53,12.03,1635055477
138,-10.0681,-78.1522,Huarmey,3939168,62.82,87,31,7.43,1635055478
139,53.25,6.75,Province of Groningen,2755249,45.03,76,100,1.01,1635055198
140,-28.4478,21.2561,Upington,945945,57.58,62,0,4.61,1635055478
141,31.6315,-8.0083,Marrakesh,2542997,55.47,67,0,1.14,1635055212
142,-6.4333,39.55,Sokoni,149812,78.26,76,98,5.66,1635055478
143,-5.1989,-35.4608,Touros,3386213,79.7,73,67,12.66,1635055479
144,-34.6177,-68.3301,San Rafael,3836669,55.33,27,0,3.0,1635055479
145,67.45,153.6833,Srednekolymsk,2121025,-8.66,95,29,3.44,1635055479
146,25.9333,81.9833,Bela,1276574,85.06,43,0,1.97,1635055480
147,69.2167,-51.1,Ilulissat,3423146,21.22,79,75,17.27,1635055480
148,29.0331,21.5482,Jalu,86049,70.3,39,46,7.87,1635055481
149,37.1041,-113.5841,Saint George,5546220,62.35,45,1,3.0,1635055481
150,61.95,159.2333,Evensk,2125693,12.61,70,66,11.74,1635055481
151,71.9667,102.5,Khatanga,2022572,5.54,91,93,16.11,1635055482
152,55.1001,-105.2842,La Ronge,6050066,35.62,79,6,16.51,1635055389
153,13.9297,41.6925,Edd,338345,90.25,46,2,12.64,1635055482
154,26.326,43.975,Buraidah,107304,80.17,17,0,5.3,1635055483
155,-35.6167,174.5,Ngunguru,2186111,64.17,97,99,7.47,1635055483
156,-16.4833,-151.75,Faanui,4034551,75.56,91,91,14.9,1635055484
157,28.017,-97.5169,San Patricio,4726521,80.46,78,3,7.25,1635055484
158,47.6666,-52.7314,Torbay,6167817,59.77,96,90,11.5,1635055484
159,-2.7619,-42.2744,Tutóia,3385899,78.24,88,94,11.41,1635055485
160,47.8667,88.1167,Altay,1529651,36.63,51,47,2.44,1635055485
161,30.3,108.85,Lichuan,1803782,59.94,55,68,1.72,1635055486
162,40.5982,-124.1573,Fortuna,5563839,60.66,69,90,8.01,1635055486
163,-20.3167,118.5667,Port Hedland,2063042,95.05,20,14,18.41,1635055486
164,-33.0117,17.9442,Saldanha,3361934,59.38,65,0,12.71,1635055487
165,51.6231,-8.8706,Clonakilty,2965402,55.09,89,9,15.26,1635055487
166,43.5647,43.4328,Lechinkay,536440,51.42,50,72,2.24,1635055488
167,38.5167,-28.7,Ribeira Grande,3372707,67.32,59,60,9.73,1635055488
168,71.6872,128.8694,Tiksi,2015306,4.66,93,100,10.36,1635055488
169,-8.8432,121.6623,Ende,1644932,88.14,62,54,3.38,1635055489
170,62.5833,6.1333,Roald,3141667,53.74,66,75,17.27,1635055489
171,-38.5473,-58.7368,Necochea,3430443,36.03,75,0,9.04,1635055490
172,5.4112,100.3354,George Town,1735106,87.73,75,20,5.75,1635055390
173,70.3705,31.1107,Vardø,777019,37.8,63,56,25.21,1635055490
174,41.2835,-70.0995,Nantucket,4944903,55.09,69,15,13.78,1635055294
175,-5.795,-35.2094,Natal,3394023,78.22,76,45,9.4,1635055277
176,11.9214,109.1591,Cam Ranh,1586350,87.76,66,40,14.97,1635055491
177,63.7553,121.6247,Vilyuysk,2013392,32.9,74,100,10.25,1635055491
178,34.6667,138.95,Shimoda,1852357,68.11,64,97,7.85,1635055492
179,63.3667,47.9167,Blagoyevo,576093,26.8,85,100,3.78,1635055492
180,48.5722,83.6542,Kurchum,1521762,45.84,34,64,5.7,1635055492
181,66.4167,112.4,Udachny,2014624,27.37,90,100,16.11,1635055456
182,13.0833,109.3,Tuy Hoa,1563281,79.75,89,100,13.35,1635055493
183,15.85,-97.0667,Puerto Escondido,3520994,77.25,83,87,3.85,1635055493
184,-17.7425,-46.1725,João Pinheiro,3459785,70.54,69,9,4.16,1635055494
185,43.0061,142.8847,Shimizu,2128159,53.73,68,23,12.39,1635055494
186,64.5667,143.2,Ust-Nera,2120048,6.12,96,94,4.94,1635055494
187,51.226,-58.6502,Saint-Augustin,6137462,41.18,92,100,9.42,1635055495
188,65.6835,-18.0878,Akureyri,2633274,36.03,91,98,4.16,1635055495
189,33.3268,-83.3885,Eatonton,4192800,56.25,78,13,2.17,1635055495
190,-43.3002,-65.1023,Rawson,3839307,52.3,38,3,16.33,1635055496
191,-22.9575,14.5053,Walvis Bay,3359638,60.1,81,3,6.42,1635055496
192,71.2906,-156.7887,Barrow,5880054,28.42,86,90,12.66,1635055496
193,53.0452,158.6483,Petropavlovsk-Kamchatskiy,2122104,41.59,61,75,2.24,1635055386
194,58.5667,5.7,Vigrestad,3131824,52.0,84,100,18.77,1635055497
195,-6.05,26.9167,Kabalo,215668,81.12,63,37,1.39,1635055497
196,63.7533,-20.2243,Hvolsvollur,3415720,42.82,80,100,6.04,1635055498
197,-5.6333,32.7667,Sikonge,149929,80.26,39,89,8.05,1635055498
198,48.9329,-125.5528,Ucluelet,6171633,47.08,90,40,1.01,1635055299
199,71.9167,114.0833,Saskylakh,2017155,5.61,93,100,12.48,1635055498
200,43.4813,-5.4357,Villaviciosa,3104707,53.62,62,2,4.27,1635055499
201,70.0311,20.9714,Skjervøy,777682,38.64,55,95,7.87,1635055499
202,-27.3667,-70.3333,Copiapó,3893656,51.49,60,0,2.59,1635055500
203,46.0901,3.4459,Hauterive,3013748,36.36,72,0,4.5,1635055500
204,35.7333,140.8333,Hasaki,2112802,64.8,45,29,4.99,1635055500
205,-0.9492,100.3543,Padang,1633419,81.84,81,86,6.82,1635055501
206,65.3718,58.0387,Synya,485215,25.09,92,74,5.3,1635055501
207,39.8885,4.2658,Mahon,2514301,59.56,94,0,8.05,1635055204
208,14.1022,-1.6306,Djibo,2361177,81.88,53,99,7.05,1635055502
209,64.8569,-147.8028,College,5859699,34.29,85,40,3.44,1635055503
210,27.1467,57.0801,Mīnāb,123941,89.1,14,0,0.56,1635055504
211,20.8947,-156.47,Kahului,5847411,75.85,69,1,14.97,1635055489
212,57.79,-152.4072,Saint Paul Harbor,5866583,43.29,91,99,14.45,1635055505
213,-35.1667,173.1667,Ahipara,2194098,61.77,88,15,4.94,1635055505
214,-46.2817,169.8464,Kaitangata,2208248,52.92,86,89,4.5,1635055506
215,-31.4333,152.9167,Port Macquarie,2152659,71.89,68,12,19.57,1635055504
216,-9.0122,-35.2225,Maragogi,3395458,76.91,85,34,10.18,1635055506
217,-17.7125,-39.2481,Caravelas,3466980,72.36,96,63,1.77,1635055507
218,28.6585,-17.9182,Los Llanos de Aridane,2514651,64.15,79,90,7.0,1635055434
219,1.1667,108.9667,Pemangkat,1631637,84.16,69,32,8.48,1635055507
220,-46.1333,167.6833,Tuatapere,2180815,53.51,97,100,2.33,1635055507
221,-34.0527,23.3716,Plettenberg Bay,964712,58.55,65,51,3.74,1635055267
222,7.9986,124.2928,Marawi,1701054,75.65,74,88,3.8,1635055508
223,-20.7833,117.1333,Roebourne,2062276,91.83,25,8,15.66,1635055508
224,34.74,60.7756,Tāybād,1159384,58.6,17,0,2.75,1635055508
225,55.2333,25.4167,Molėtai,596867,34.11,93,46,7.61,1635055509
226,51.1478,21.969,Gmina Opole Lubelskie,763107,39.79,92,42,6.11,1635055290
227,4.9247,6.2642,Yenagoa,2318123,73.36,95,92,2.89,1635055509
228,36.1468,49.218,Abhar,145034,54.57,36,33,5.21,1635055510
229,50.2334,-63.5986,Havre-St-Pierre,5972291,44.96,100,90,3.44,1635055510
230,51.4579,41.9764,Gribanovskiy,558799,40.6,69,28,9.86,1635055510
231,-0.3089,32.225,Kalangala,232571,71.24,71,89,5.99,1635055511
232,-0.0333,109.3333,Pontianak,1630789,91.38,59,75,4.61,1635055511
233,34.9249,-81.0251,Rock Hill,4593142,57.07,86,1,3.44,1635055353
234,40.1629,-8.3327,Lata,2738381,55.81,67,0,2.26,1635055511
235,53.9896,48.3275,Silikatnyy,492970,41.09,74,27,11.81,1635055512
236,46.0,25.0667,Jibert,675266,43.41,69,31,4.68,1635055512
237,-34.5833,150.8552,Flinders,6255012,68.81,60,21,9.64,1635055513
238,4.4148,114.0089,Marabu,1738050,82.18,74,100,3.89,1635055513
239,-3.3667,135.4833,Nabire,1634614,83.01,73,93,2.3,1635055513
240,29.3333,113.0919,Yueyang,1927639,68.65,43,29,7.74,1635055514
241,46.4631,10.347,Oga,3175788,33.69,47,0,1.86,1635055514
242,-5.5569,-80.8222,Sechura,3691954,64.83,81,98,11.25,1635055515
243,-14.97,22.6814,Kalabo,915471,81.46,43,86,3.76,1635055515
244,38.7296,-120.7986,Placerville,5383559,55.76,94,100,1.01,1635055516
245,53.5828,-6.1083,Skerries,2961461,56.1,82,76,16.91,1635055516
246,-2.5744,150.7967,Kavieng,2094342,84.16,73,48,10.85,1635055516
247,14.2,24.6667,Kutum,371745,74.1,25,29,14.88,1635055517
248,40.5992,-77.5714,Lewistown,5197850,45.25,96,27,2.93,1635055517
249,36.2083,-115.9839,Pahrump,5509851,65.61,43,65,1.01,1635055518
250,-20.4081,57.7,Mahébourg,934322,79.25,67,65,13.6,1635055518
251,54.1001,77.6646,Bagan,1511094,52.25,65,67,16.51,1635055518
252,-21.55,167.8833,Tadine,2138285,73.89,79,15,13.65,1635055519
253,69.7008,170.3133,Pevek,2122090,8.51,92,100,3.83,1635055519
254,18.8003,110.3967,Wanning,1791779,76.93,76,86,15.59,1635055520
255,-37.6167,-73.65,Lebu,3883457,48.2,93,15,4.94,1635055520
256,-18.7667,46.0333,Tsiroanomandidy,1054463,85.24,27,0,2.98,1635055520
257,33.2833,134.15,Muroto-misakicho,1856392,64.99,53,94,8.55,1635055521
258,-2.65,10.0,Gamba,2400547,76.64,86,100,1.68,1635055521
259,-0.9131,122.8766,Biak,1637001,84.49,60,54,4.32,1635055521
260,-30.1811,-50.2056,Cidreira,3466165,63.54,89,99,13.47,1635055522
261,16.6362,1.637,Gao,2457161,81.75,48,68,5.97,1635055442
262,13.35,-15.75,Nioro,2412408,74.32,93,100,3.33,1635055522
263,41.8167,140.65,Kamiiso,2129766,58.73,62,2,12.15,1635055522
264,-12.6,-69.1833,Puerto Maldonado,3931470,80.06,67,97,3.31,1635055523
265,-26.6167,-54.1333,San Vicente,3428068,60.19,99,100,5.59,1635055523
266,48.3452,14.0513,Feldkirchen an der Donau,2779672,41.79,77,0,3.44,1635055524
267,28.8947,64.4101,Dalbandin,1180729,69.75,10,0,3.33,1635055524
268,-22.0016,148.0466,Moranbah,6533368,93.65,25,95,6.29,1635055525
269,27.15,74.85,Kuchāman,1265828,81.05,43,2,6.87,1635055525
270,35.1333,140.3,Katsuura,2112309,64.51,54,47,5.75,1635055525
271,6.3017,-70.2041,Cravo Norte,3685702,76.41,82,58,5.57,1635055526
272,-13.7,-76.2167,Pisco,3932145,60.03,88,27,12.66,1635055526
273,24.8,125.2833,Hirara,1862505,76.53,68,75,15.35,1635055526
274,-15.1961,12.1522,Mossamedes,3347019,66.79,67,66,3.4,1635055527
275,55.9029,-3.5226,Livingston,2644204,54.68,87,75,16.11,1635055527
276,4.1363,96.1285,Meulaboh,1214488,83.75,71,80,5.32,1635055528
277,21.3469,-158.0858,Makakilo City,5850554,77.32,65,1,6.91,1635055528
278,-10.6167,150.6667,Samarai,2132606,81.79,80,31,10.76,1635055529
279,26.1247,127.6694,Itoman,1861280,80.98,61,40,9.22,1635055529
280,11.2833,-15.8333,Bubaque,2374583,81.25,75,100,3.18,1635055529
281,18.0858,-15.9785,Nouakchott,2377450,75.13,35,26,11.9,1635055436
282,-18.65,-173.9833,Neiafu,4032420,74.08,78,75,11.5,1635055530
283,69.4865,88.3972,Talnakh,1490256,23.23,90,100,4.79,1635055530
284,-15.7667,128.7333,Kununurra,2068110,100.38,37,40,5.75,1635055530
285,43.7501,-81.7165,Goderich,5962442,41.92,73,52,3.65,1635055531
286,40.3978,-105.075,Loveland,5579368,54.64,49,1,3.0,1635055531
287,59.3833,143.3,Okhotsk,2122605,23.04,68,6,11.1,1635055532
288,57.9029,38.07,Novyy Nekouz,516935,36.25,96,100,9.6,1635055532
289,23.9,80.8,Barhi,1276956,81.55,45,0,3.98,1635055532
290,-45.8667,-67.5,Comodoro Rivadavia,3860443,51.66,37,0,31.07,1635055533
291,-24.7859,-65.4117,Salta,3838233,61.57,63,17,1.99,1635055533
292,-11.9472,-75.2829,San Jerónimo,3929611,51.94,77,100,2.17,1635055533
293,-35.35,150.4667,Ulladulla,2145554,67.77,48,47,8.88,1635055534
294,24.6877,46.7219,Riyadh,108410,88.61,15,0,17.76,1635055242
295,50.5,9.1333,Schotten,2836251,35.11,95,6,4.36,1635055534
296,18.4275,-67.1541,Aguadilla,4562506,79.45,84,10,11.9,1635055535
297,21.4612,-71.1419,Cockburn Town,3576994,82.63,71,82,18.03,1635055535
298,48.4475,27.4168,Sokyryany,693284,40.1,76,20,11.83,1635055535
299,46.5331,48.3456,Krasnyy Yar,541349,46.33,64,61,6.62,1635055536
300,41.4517,-82.0354,Avon,5146277,47.64,88,40,1.01,1635055536
301,-8.0089,-34.8553,Olinda,3393536,80.33,74,20,8.05,1635055537
302,54.4333,113.6,Bagdarin,2027244,41.9,41,65,1.57,1635055537
303,49.8167,-94.4337,Kenora,5991056,39.18,82,99,3.0,1635055537
304,1.487,124.8455,Manado,1636544,81.37,89,40,1.14,1635055537
305,30.4833,-115.95,San Quintín,3984997,59.43,78,6,14.0,1635055538
306,-8.4192,20.7447,Lucapa,145724,70.86,78,97,1.95,1635055538
307,-20.1,146.2667,Charters Towers,2171722,94.42,25,63,19.82,1635055538
308,-22.9661,-42.0278,Arraial do Cabo,3471451,70.63,93,36,27.16,1635055362
309,-24.85,152.35,Bundaberg,2173323,85.21,60,81,5.01,1635055539
310,-13.2,49.05,Ambilobe,1082243,91.98,42,87,8.97,1635055539
311,11.6667,92.75,Port Blair,1259385,84.15,68,91,6.93,1635055539
312,-20.0167,148.2333,Bowen,2174444,80.35,65,80,10.0,1635055540
313,15.4333,-61.2667,Castle Bruce,3575870,80.1,79,58,11.97,1635055540
314,-21.6989,-57.8825,Porto Murtinho,3452712,71.6,96,100,9.73,1635055541
315,-3.9014,-38.3911,Aquiraz,3407407,84.22,68,61,10.54,1635055541
316,51.9667,5.6667,Gemeente Wageningen,2745087,43.09,95,99,5.75,1635055500
317,45.3728,44.2206,Arzgir,580716,57.47,76,100,9.15,1635055541
318,-26.6481,15.1594,Lüderitz,3355672,62.83,53,0,10.78,1635055542
319,-24.8667,113.6333,Carnarvon,2074865,78.87,65,0,16.11,1635055542
320,-33.8667,121.9,Esperance,2071860,76.82,42,20,7.18,1635055542
321,-4.2761,-55.9836,Itaituba,3397967,74.08,97,99,1.7,1635055543
322,23.8333,71.6,Rādhanpur,1259069,85.62,47,26,11.03,1635055543
323,-15.25,-68.1667,Mapiri,3910758,68.11,94,33,1.99,1635055543
324,18.7369,7.3853,Arlit,2447513,81.36,15,2,10.04,1635055544
325,41.4834,14.0451,Venafro,3164621,64.94,85,100,10.56,1635055544
326,46.6667,4.3667,Montceau-les-Mines,2992863,30.65,96,1,2.1,1635055315
327,65.4167,-52.9,Maniitsoq,3421982,26.28,53,87,5.86,1635055545
328,15.0167,74.0167,Kānkon,1268022,76.8,74,90,6.26,1635055545
329,39.5108,54.3671,Balkanabat,161616,62.22,25,0,2.08,1635055545
330,63.1792,14.6357,Östersund,2685750,34.61,86,40,12.66,1635055546
331,61.3143,47.1691,Koryazhma,544370,31.3,88,100,7.9,1635055546
332,54.6267,22.8169,Virbalis,593086,37.58,89,90,5.17,1635055547
333,69.3,139.9,Deputatsky,2028164,-0.63,97,100,2.95,1635055547
334,42.2506,-75.833,Broome,5110365,42.37,86,90,4.61,1635055547
335,36.45,136.6333,Tsurugi-asahimachi,1849584,64.31,52,53,7.18,1635055548
336,10.4167,-13.5833,Fria,2420883,72.21,98,97,1.7,1635055548
337,64.8621,11.2373,Rørvik,3141310,40.03,91,100,27.36,1635055548
338,7.9803,49.8164,Eyl,60019,82.74,61,22,7.38,1635055549
339,-20.0064,57.6608,Grand Gaube,934479,79.38,67,78,11.01,1635055549
340,64.5011,-165.4064,Nome,5870133,24.87,86,1,0.0,1635055550
341,-28.783,32.0377,Richards Bay,962367,65.8,74,100,14.99,1635055550
342,-43.5333,172.6333,Christchurch,2192362,64.47,74,20,4.0,1635055550
343,32.6667,-17.1,Ponta do Sol,2264557,70.43,64,19,6.76,1635055551
344,22.2667,-101.9667,Loreto,3998291,65.79,48,100,5.1,1635055551
345,62.1564,-7.1664,Vestmanna,2610343,47.32,100,90,11.5,1635055551
346,-19.5314,-54.0439,Camapuã,3468020,77.43,71,69,11.63,1635055552
347,54.4815,53.471,Oktyabr'skiy,515879,43.18,91,100,7.27,1635055552
348,-6.6447,-51.995,São Félix do Xingu,3388847,71.53,96,81,1.21,1635055553
349,31.3141,34.6203,Ofakim,293992,71.71,61,1,2.91,1635055553
350,-0.3167,102.35,Japura,1642773,83.46,79,81,1.61,1635055553
351,-23.7,133.8833,Alice Springs,2077895,81.95,21,40,18.41,1635055554
352,0.5333,72.9333,Thinadhoo,1337610,83.48,71,55,13.62,1635055554
353,-8.8978,-35.1478,São José da Coroa Grande,3388456,77.2,84,40,10.49,1635055554
354,54.7804,-127.1743,Smithers,6149996,34.84,92,22,0.89,1635055428
355,42.8,93.45,Kumul,1529484,52.09,37,100,6.06,1635055555
356,46.9809,-123.8893,Hoquiam,5797693,52.52,52,68,4.0,1635055556
357,7.7669,-72.225,San Cristobal,3628473,65.41,98,98,1.81,1635055556
358,54.1169,-112.4686,Smoky Lake,6150293,34.48,73,100,4.83,1635055556
359,15.4,73.8,Mormugao,1263494,76.26,94,90,8.05,1635055557
360,48.8125,103.5347,Bulgan,2032201,48.58,31,47,9.46,1635055557
361,64.8945,-23.7142,Olafsvik,3414079,45.0,82,100,13.76,1635055558
362,4.9135,-76.04,El Águila,3685027,58.1,97,99,1.32,1635055558
363,66.8333,70.8333,Yar-Sale,1486321,28.2,76,92,16.87,1635055558
364,-14.2667,50.1667,Sambava,1056899,81.72,72,71,5.77,1635055559
365,57.0531,-135.33,Sitka,5557293,42.69,81,90,8.05,1635055559
366,26.1615,32.7183,Qena,350550,71.64,42,0,5.5,1635055560
367,18.7333,-103.6833,Coahuayana Viejo,4013679,76.69,91,99,2.82,1635055560
368,70.4692,-68.5914,Clyde River,5924351,16.72,82,91,11.52,1635055560
369,64.75,177.4833,Anadyr,2127202,-5.01,83,40,8.95,1635055561
370,46.4333,26.4,Asău,686090,45.95,58,74,1.77,1635055562
371,10.5669,72.642,Kavaratti,1267390,81.52,75,86,4.81,1635055563
372,-3.3333,128.9167,Amahai,1651591,83.37,72,92,3.87,1635055563
373,64.2539,-15.2082,Hofn,2630299,43.61,73,100,10.56,1635055563
374,5.3833,-52.95,Sinnamary,3380290,78.24,86,82,10.45,1635055564
375,-45.4167,167.7167,Te Anau,2181625,53.38,97,100,0.49,1635055564
376,61.2767,108.0108,Yerbogachën,2012956,32.58,94,100,12.15,1635055565
377,36.6177,-121.9166,Pacific Grove,5380437,60.48,76,100,3.0,1635055565
378,32.6881,128.8419,Fukuechō,1863997,65.89,49,100,12.26,1635055565
379,36.3,139.8,Oyama,1853483,68.83,29,10,1.99,1635055566
380,-34.6833,150.8667,Kiama,2161515,69.01,60,26,1.01,1635055566
381,46.6811,-68.0159,Presque Isle,4975966,39.18,77,90,1.01,1635055566
382,-34.5703,-59.105,Luján,3430988,55.15,90,0,4.47,1635055567
383,65.5833,-171.0,Lavrentiya,4031637,22.93,83,100,9.95,1635055567
384,41.5388,-8.6151,Barcelos,2742416,54.91,78,0,3.36,1635055568
385,51.3813,1.3862,Margate,2643044,54.91,76,36,5.01,1635055568
386,5.2056,103.2059,Marang,1734715,85.68,66,70,8.95,1635055568
387,-0.3582,42.5454,Kismayo,55671,82.24,69,10,11.97,1635055569
388,-7.9631,145.7785,Kerema,2094144,83.25,76,87,6.42,1635055569
389,-28.8667,153.5667,Ballina,2177069,78.98,79,80,13.4,1635055569
390,-19.9842,57.6142,Cap Malheureux,934649,79.47,67,72,11.01,1635055570
391,1.0,-52.0,Amapá,3407762,71.6,99,75,1.48,1635055570
392,13.3154,12.6113,Diffa,2445704,81.59,23,30,9.75,1635055571
393,37.1904,10.1837,Rafrāf,2467813,62.91,85,85,13.11,1635055571
394,5.8933,95.3214,Sabang,1214026,82.04,73,89,5.39,1635055571
395,-1.7625,-48.8043,Ipixuna,3408424,78.75,97,99,3.36,1635055572
396,54.7682,-101.865,Flin Flon,5954718,38.43,67,98,11.39,1635055572
397,62.55,155.55,Dukat,2125906,-4.7,98,34,2.53,1635055572
398,-45.8742,170.5036,Dunedin,2191562,55.8,85,69,1.99,1635055573
399,65.282,-126.8329,Norman Wells,6089245,26.78,93,2,1.57,1635055573
400,39.3558,-9.3811,Peniche,2264923,63.63,92,2,7.0,1635055574
401,3.0372,29.5355,Watsa,204283,70.77,84,36,1.99,1635055574
402,35.412,-99.4043,Elk City,4535823,71.58,49,66,26.15,1635055574
403,-5.5502,150.1429,Kimbe,2093967,83.52,75,43,1.83,1635055575
404,65.75,150.85,Zyryanka,2119283,-0.76,87,16,8.77,1635055575
405,37.2207,-7.4435,Castro Marim,2269496,60.78,83,2,3.22,1635055576
406,-34.7333,135.8667,Port Lincoln,2063036,60.51,58,7,12.17,1635055576
407,62.5353,113.9611,Mirny,2019951,31.98,84,94,11.92,1635055576
408,29.5833,-9.5,Tiznit Province,2527087,61.21,58,24,2.3,1635055577
409,60.9167,-46.05,Narsaq,3421719,32.22,53,31,3.15,1635055577
410,38.7992,-9.4469,Colares,2269142,63.34,58,3,8.01,1635055578
411,4.375,-7.7169,Harper,2276492,76.87,87,75,6.11,1635055578
412,38.4362,57.4316,Baharly,162158,61.02,20,81,3.85,1635055579
413,38.6979,-9.4215,Cascais,2269594,63.52,59,3,8.01,1635055579
414,48.147,-103.618,Williston,5692947,45.03,62,100,7.0,1635055322
415,51.5877,-2.9984,Newport,2641598,55.94,78,98,18.77,1635055579
416,3.1001,98.4908,Kabanjahe,1214965,68.76,91,100,1.52,1635055580
417,-8.4667,140.3333,Merauke,2082539,84.07,72,86,17.31,1635055580
418,34.7333,135.5833,Kadoma,1860871,67.64,33,92,3.85,1635055580
419,-34.75,149.7167,Goulburn,2164837,64.65,51,5,14.58,1635055581
420,-23.4923,-58.7972,Pozo Colorado,3437443,66.02,89,100,12.39,1635055582
421,47.5702,-59.1367,Channel-Port aux Basques,5919815,56.62,99,100,16.11,1635055582
422,37.6624,-121.8747,Pleasanton,5383777,60.89,85,90,3.44,1635055582
423,51.0333,-4.2167,Northam,2641434,55.35,88,87,21.25,1635055583
424,35.8419,14.5431,Marsaxlokk,2562247,72.21,94,20,5.75,1635055583
425,-25.4,-70.4833,Taltal,3870243,57.09,77,1,1.45,1635055583
426,40.75,24.5833,Prinos,736067,67.64,96,75,2.3,1635055584
427,62.6667,135.6,Khandyga,2022773,22.69,95,100,6.31,1635055584
428,-51.6226,-69.2181,Río Gallegos,3838859,39.25,56,0,10.36,1635055584
429,-39.0333,-67.5833,General Roca,3855065,56.62,42,2,26.71,1635055585
430,41.1415,-73.3579,Westport,4845585,51.82,90,1,1.01,1635055585
431,3.9366,41.867,Mandera,187896,84.51,59,7,7.0,1635055586
432,63.8986,122.7617,Kysyl-Syr,2021017,33.01,76,99,10.11,1635055586
433,51.5,156.5167,Ozernovskiy,2122293,38.86,77,99,13.94,1635055587
434,53.0137,-1.3538,Heanor,2647227,52.0,82,100,4.0,1635055587
435,-35.7167,150.1833,Batemans Bay,2176639,71.2,46,27,10.0,1635055587
436,-6.2167,155.6333,Kieta,2094027,82.76,78,20,4.47,1635055588
437,-36.7167,-73.1167,Talcahuano,3870282,49.68,93,0,9.22,1635055515
438,-29.0642,30.5928,Greytown,1000006,50.31,80,100,5.61,1635055588
439,-33.7333,-70.75,Buin,3897774,59.74,47,1,4.25,1635055589
440,46.1,23.1333,Almaşu Mare,686443,36.01,68,1,1.52,1635055589
441,39.5625,45.9143,Shaghat,174782,45.3,30,0,3.6,1635055589
442,39.3643,-74.4229,Atlantic City,4500546,53.64,89,1,9.22,1635055590
443,0.5167,25.2,Kisangani,212730,74.91,92,71,0.78,1635055590
444,27.0377,14.4283,Sabha,2212775,74.28,24,34,14.14,1635055591
445,67.667,12.6934,Sørland,3137469,41.86,76,100,16.31,1635055591
446,-5.3,36.5667,Kibaya,158006,71.83,39,74,7.67,1635055591
447,9.3202,16.1552,Béré,2435474,75.42,80,68,5.48,1635055592
448,26.5833,106.7167,Guiyang,1809461,63.12,57,75,4.92,1635055413
449,58.1167,6.7,Vanse,3132720,52.66,79,100,15.48,1635055592
450,-31.95,141.4333,Broken Hill,2173911,69.26,24,0,12.06,1635055593
451,-35.1,173.7833,Kaeo,2189343,64.33,97,49,3.83,1635055593
452,43.388,-6.0743,Grado,3121238,50.5,89,0,6.91,1635055529
453,20.931,-17.0347,Nouadhibou,2377457,67.41,83,0,17.78,1635055594
454,-7.2906,-37.0939,Desterro,3401060,72.63,81,65,9.69,1635055594
455,50.9832,-118.2023,Revelstoke,6121621,46.42,93,90,2.3,1635055594
456,32.9833,132.9333,Nakamura,1855891,64.9,61,93,3.65,1635055595
457,-2.0226,147.2712,Lorengau,2092164,84.36,72,99,8.84,1635055595
458,67.8557,20.2251,Kiruna,605155,11.32,85,100,9.22,1635055596
459,-3.4167,114.85,Martapura,1636022,91.49,58,40,9.22,1635055596
460,-1.195,-46.02,Carutapera,3402648,77.58,88,82,5.26,1635055597
461,61.3833,152.75,Talaya,2120769,-1.91,99,77,0.87,1635055597
462,-13.8833,167.55,Sola,2134814,81.12,80,14,16.55,1635055598
463,41.0002,-115.5012,Elko,5703673,39.63,86,98,3.0,1635055598
464,60.05,69.9,Gornopravdinsk,1506268,40.53,80,79,11.92,1635055599
465,9.9833,13.1,Mbamba,2339468,73.44,73,11,2.21,1635055599
466,51.81,4.6736,Dordrecht,2756669,44.98,93,84,3.0,1635055599
467,13.5928,-89.8275,Acajutla,3587498,78.19,86,100,4.27,1635055600
468,3.8653,-67.9239,Inírida,3671450,73.81,98,100,2.21,1635055600
469,-8.4333,114.3333,Muncar,1634718,88.36,52,64,8.41,1635055600
470,-8.3791,-74.5539,Pucallpa,3693345,77.83,73,24,2.64,1635055601
471,40.125,116.6453,Shunyi,2034754,66.83,41,0,2.24,1635055601
472,64.9225,77.785,Tarko-Sale,1490085,32.14,88,76,17.22,1635055601
473,6.15,73.2667,Funadhoo,1337620,82.13,74,96,11.5,1635055602
474,13.9833,-14.8,Koungheul,2249554,75.22,88,95,4.12,1635055602
475,61.8,22.4167,Kankaanpää,654363,32.76,89,82,4.68,1635055603
476,53.1092,45.0764,Zasechnoye,464343,41.04,76,7,10.6,1635055603
477,6.3005,-10.7969,Monrovia,2274895,76.55,85,94,3.13,1635055603
478,56.7895,49.6235,Mari-Turek,529195,38.62,83,48,9.64,1635055604
479,14.9167,120.55,Lubao,1705441,81.14,81,100,8.75,1635055604
480,60.3964,-1.353,Brae,2654970,51.71,97,100,16.96,1635055605
481,27.1172,114.9793,Ji’an,1806445,65.14,63,97,8.86,1635055605
482,8.25,34.5833,Gambēla,337405,80.65,50,9,5.59,1635055605
483,26.1842,127.7558,Nishihara,1855342,80.26,61,40,9.22,1635055606
484,60.7253,114.9278,Lensk,2020838,36.12,77,100,10.56,1635055606
485,31.7167,-116.5667,Rodolfo Sánchez Taboada,3996737,61.11,83,32,1.01,1635055607
486,68.2191,-135.0107,Aklavik,5882953,22.08,95,88,4.92,1635055607
487,15.1139,37.5928,Barentu,342711,82.47,33,1,10.07,1635055607
488,45.55,131.8833,Mishan,2035746,57.49,30,0,8.93,1635055608
489,66.7131,27.4306,Kemijärvi,653272,17.4,91,21,5.55,1635055608
490,-41.8697,-73.8203,Ancud,3899695,48.42,86,91,14.23,1635055609
491,39.1834,-84.5333,Hamilton,4513583,55.4,94,90,1.99,1635055609
492,1.4451,125.1824,Bitung,1648636,81.45,69,99,6.33,1635055609
493,2.0167,112.9333,Kapit,1737185,91.47,53,95,1.68,1635055610
494,-28.7667,114.6,Geraldton,2070998,79.21,47,1,14.97,1635055610
495,22.5667,59.5289,Sur,286245,88.25,46,1,3.11,1635055611
496,-0.3332,37.6459,Chuka,199284,73.99,54,50,4.38,1635055611
497,41.1231,80.2644,Aksu,1529660,57.27,25,3,3.04,1635055611
498,-5.3166,119.3661,Galesong,1644605,89.62,68,48,10.29,1635055612
499,32.5,62.5,Farah,1142263,63.09,15,0,1.59,1635055381
500,22.6783,-3.9836,Taoudenni,2450173,78.01,25,0,7.99,1635055612
501,69.0125,23.0412,Kautokeino,779330,8.78,89,59,2.42,1635055613
502,53.75,127.2667,Zeya,2012593,46.08,60,27,2.59,1635055613
503,2.6185,44.8938,Wanlaweyn,50672,85.17,58,0,9.86,1635055613
504,27.75,-107.6333,Creel,4012593,44.64,72,0,0.38,1635055614
505,55.3244,42.0267,Shimorskoye,494378,38.62,79,60,9.01,1635055614
506,-12.2333,136.7667,Nhulunbuy,2064735,92.01,52,40,13.8,1635055614
507,54.4333,-124.25,Fort Saint James,5881688,37.45,83,67,3.27,1635055615
508,46.4856,135.8833,Vostok,2013279,46.71,49,0,7.58,1635055615
509,68.0531,39.5131,Ostrovnoy,556268,25.27,88,53,19.35,1635055615
510,-23.1322,-64.326,Orán,3836620,68.25,52,31,1.28,1635055616
511,10.95,106.8167,Bien Hoa,1587923,91.38,65,74,4.25,1635055616
512,5.7833,36.5667,Bako,342856,78.4,42,7,1.36,1635055617
513,43.213,-8.691,Carballo,3126369,56.75,91,16,5.59,1635055617
514,66.6871,34.3429,Umba,479071,25.65,79,45,10.16,1635055617
515,-25.2406,130.9889,Yulara,6355222,84.04,18,48,14.97,1635055618
516,32.7701,-108.2803,Silver City,5491487,55.63,45,78,3.0,1635055618
517,-35.3333,-72.4167,Constitución,3893726,49.75,81,1,8.77,1635055556
518,-3.6837,39.8566,Takaungu,179634,81.09,72,96,4.9,1635055619
519,41.8666,-103.6672,Scottsbluff,5699404,49.28,81,90,1.99,1635055619
520,39.05,-27.9833,Lagoa,3372964,66.36,62,60,12.33,1635055619
521,6.1241,81.1185,Hambantota,1244926,89.94,66,20,13.8,1635055620
522,16.5167,-98.75,Barra de Tecoanapa,3516171,74.43,89,100,7.99,1635055620
523,54.5851,73.6395,Tavricheskoye,1489938,48.11,71,66,13.85,1635055621
524,46.4154,3.9054,Saint-François,2980080,30.67,100,1,0.0,1635055621
525,9.4942,50.8122,Bandarbeyla,64814,81.37,64,55,6.8,1635055622
526,45.0503,136.6092,Terney,2015352,57.43,43,1,3.56,1635055622
527,59.7,150.1667,Arman',2127060,23.31,64,65,7.72,1635055623
528,-37.0667,144.2167,Castlemaine,2172106,58.05,44,23,12.84,1635055623
529,31.6,131.3667,Nichinan,1855476,67.17,65,99,11.21,1635055623
530,-19.0595,-169.9187,Alofi,4036284,73.98,65,83,20.31,1635055624
531,34.75,136.1333,Ueno-ebisumachi,1849414,65.89,53,88,4.34,1635055624
532,46.2333,25.3833,Mărtiniş,673731,43.45,74,15,2.71,1635055625
533,30.4383,-84.2807,Tallahassee,4174715,71.64,92,1,0.0,1635055451
534,4.9333,-52.3333,Cayenne,3382160,80.1,89,75,1.99,1635055459
535,10.4762,-66.5427,Guatire,3639898,75.7,97,78,1.97,1635055625
536,-13.6202,29.3939,Mkushi,906221,85.42,25,54,8.95,1635055626
537,-7.5667,24.1833,Kaniama,214389,76.57,68,95,3.04,1635055626
538,53.2819,10.4379,Adendorf,2959479,42.91,89,100,5.61,1635055626
539,8.5061,117.4317,Rio Tuba,1691703,80.08,82,100,13.0,1635055627
540,39.7767,30.5206,Eskişehir,315202,48.11,87,4,4.61,1635055627
541,-23.65,-70.4,Antofagasta,3899539,56.48,78,26,8.41,1635055628
542,35.3029,37.1841,Abu Samrah,172515,66.27,60,0,6.82,1635055628
543,42.75,2.75,Arrondissement de Perpignan,2987913,48.83,87,0,3.44,1635055628
544,-17.9333,19.7667,Rundu,3353383,81.55,23,99,4.85,1635055629
545,64.8378,-147.7164,Fairbanks,5861897,34.3,86,1,0.0,1635055531
546,49.5776,111.9753,Kyra,2021041,48.36,31,49,3.06,1635055629
547,50.799,-1.0913,Portsmouth,2639996,56.1,73,65,7.0,1635055629
548,33.1378,11.2197,Ben Gardane,2472431,71.22,87,70,7.92,1635055630
549,52.4201,136.4853,Imeni Poliny Osipenko,2023584,41.67,77,10,4.76,1635055630
550,15.7432,-96.4661,Pochutla,3517970,72.82,86,82,3.83,1635055630
551,43.6981,-85.4837,Big Rapids,4986020,38.71,100,1,0.0,1635055457
552,65.3172,21.4794,Piteå,603570,18.09,92,94,3.58,1635055631
553,8.8872,-64.1651,San Jose de Guanipa,3628142,73.9,92,98,9.51,1635055631
554,35.0806,109.0897,Tongchuanshi,1795196,58.17,61,43,4.16,1635055631
555,-8.65,115.2167,Denpasar,1645528,87.46,66,20,12.66,1635055596
556,70.9963,24.6622,Havøysund,779622,32.88,62,97,11.43,1635055632
557,-8.1181,111.8935,Boyolangu,1648082,89.13,53,77,11.03,1635055632
558,-14.4667,132.2667,Katherine,2068655,100.72,27,40,5.75,1635055633
559,29.2747,82.1838,Jumla,1283285,63.68,38,0,5.32,1635055633
560,-0.7193,8.7815,Port-Gentil,2396518,77.74,83,100,4.97,1635055633
561,-7.8447,-79.1469,Chicama,3698359,64.0,83,61,4.16,1635055634
562,50.2667,127.5333,Blagoveshchensk,2026609,59.61,26,0,4.47,1635055634
563,42.0551,59.3788,Akdepe,601551,55.4,21,1,13.51,1635055635
564,54.2312,85.7972,Salair,1493224,41.22,70,100,19.3,1635055635
565,61.994,-49.6678,Paamiut,3421193,30.7,36,94,4.65,1635055636
566,-2.8792,-41.6669,Luís Correia,3396121,78.17,86,60,11.83,1635055636
567,3.3803,-59.7968,Lethem,3379316,76.89,80,91,7.83,1635055636
568,-0.9516,122.7875,Luwuk,1637001,86.88,59,59,5.17,1635055637
569,37.4636,-122.4286,Half Moon Bay,5354943,61.59,91,90,3.0,1635055637
570,1.3349,-74.8429,Cartagena del Chairá,3792382,71.6,94,56,2.15,1635055638
571,54.7183,135.315,Chumikan,2025256,45.68,60,84,15.93,1635055638
572,17.6129,99.2161,Thoen,1150154,79.32,91,92,1.92,1635055639
573,32.3502,-85.1999,Russell,4047434,54.63,81,1,0.0,1635055464
574,-5.6642,-37.7989,Apodi,3407440,76.32,75,56,9.69,1635055639
575,-20.7377,116.8463,Karratha,6620339,91.65,25,3,16.24,1635055639
576,11.0461,14.1401,Mora,2225991,79.95,42,5,4.05,1635055631
577,-3.8278,-78.7594,Yantzaza,3650053,65.8,98,96,1.28,1635055640
578,46.6806,113.2792,Baruun-Urt,2032614,49.46,24,5,12.97,1635055640
